Ship_ID,Inter_Arrival_Hours,Service_Hours
NAV-0001,2.71,65.56
NAV-0002,13.89,13.73
NAV-0003,87.53,16.27
NAV-0004,67.77,8.93
NAV-0005,23.13,67.13
NAV-0006,34.06,48.23
NAV-0007,13.71,47.48
NAV-0008,9.47,20.67
NAV-0009,23.6,8.37
NAV-0010,17.52,6.42
NAV-0011,31.35,58.92
NAV-0012,4.31,37.29
NAV-0013,103.31,41.84
NAV-0014,117.65,31.29
NAV-0015,40.68,14.83
NAV-0016,28.09,21.35
NAV-0017,15.3,12.16
NAV-0018,53.95,10.97
NAV-0019,39.45,45.83
NAV-0020,8.29,6.96
NAV-0021,73.06,12.22
NAV-0022,55.24,22.23
NAV-0023,87.23,27.91
NAV-0024,43.37,8.84
NAV-0025,33.55,34.58
NAV-0026,21.0,30.16
NAV-0027,80.06,58.31
NAV-0028,62.63,28.22
NAV-0029,2.7,36.83
NAV-0030,1.71,15.47
NAV-0031,18.73,15.96
NAV-0032,53.49,9.64
NAV-0033,119.49,15.58
NAV-0034,7.72,21.13
NAV-0035,32.11,54.85
NAV-0036,18.97,13.86
NAV-0037,99.5,85.28
NAV-0038,58.33,38.88
NAV-0039,57.71,34.02
NAV-0040,23.89,26.78
NAV-0041,20.81,23.49
NAV-0042,13.52,17.34
NAV-0043,3.26,8.53
NAV-0044,62.37,14.23
NAV-0045,53.83,67.03
NAV-0046,201.54,37.4
NAV-0047,149.16,66.67
NAV-0048,29.38,17.02
NAV-0049,48.12,11.88
NAV-0050,84.9,26.61
NAV-0051,59.62,14.63
NAV-0052,12.27,30.35
NAV-0053,22.83,7.06
NAV-0054,6.73,4.29
NAV-0055,89.38,33.18
NAV-0056,33.0,68.15
NAV-0057,11.38,34.13
NAV-0058,38.29,37.16
NAV-0059,33.91,27.37
NAV-0060,17.77,29.11
NAV-0061,6.0,8.17
NAV-0062,38.28,15.05
NAV-0063,27.07,54.52
NAV-0064,48.52,20.8
NAV-0065,27.06,53.85
NAV-0066,60.06,28.58
NAV-0067,29.14,29.54
NAV-0068,29.76,20.91
NAV-0069,64.76,40.62
NAV-0070,20.19,46.82
NAV-0071,6.96,14.44
NAV-0072,1.84,8.86
NAV-0073,46.52,5.18
NAV-0074,34.08,36.04
NAV-0075,41.24,33.49
NAV-0076,10.64,99.57
NAV-0077,7.07,27.47
NAV-0078,1.04,24.29
NAV-0079,17.38,31.01
NAV-0080,31.8,32.11
NAV-0081,19.58,23.03
NAV-0082,22.08,14.81
NAV-0083,71.21,26.5
NAV-0084,17.26,25.84
NAV-0085,26.67,25.56
NAV-0086,49.91,43.28
NAV-0087,19.81,26.18
NAV-0088,34.21,9.03
NAV-0089,61.92,16.65
NAV-0090,87.1,22.84
NAV-0091,7.56,27.01
NAV-0092,77.89,36.52
NAV-0093,25.3,27.16
NAV-0094,12.79,4.39
NAV-0095,23.33,9.95
NAV-0096,109.12,38.1
NAV-0097,25.33,22.41
NAV-0098,16.26,28.72
NAV-0099,35.1,20.49
NAV-0100,11.92,16.6
NAV-0101,4.22,21.01
NAV-0102,6.72,28.94
NAV-0103,6.68,26.05
NAV-0104,7.79,46.64
NAV-0105,7.18,7.6
NAV-0106,35.7,8.56
NAV-0107,9.18,22.23
NAV-0108,17.13,36.78
NAV-0109,69.33,41.85
NAV-0110,24.2,17.09
NAV-0111,37.93,1.83
NAV-0112,8.74,17.5
NAV-0113,9.67,33.55
NAV-0114,2.48,25.73
NAV-0115,8.58,37.63
NAV-0116,13.77,53.38
NAV-0117,8.96,23.3
NAV-0118,4.83,18.93
NAV-0119,6.33,13.29
NAV-0120,23.42,8.52
NAV-0121,10.32,6.64
NAV-0122,18.09,15.88
NAV-0123,26.0,49.03
NAV-0124,39.96,39.91
NAV-0125,2.4,18.3
NAV-0126,51.96,85.75
NAV-0127,34.67,16.7
NAV-0128,4.5,56.44
NAV-0129,64.13,64.48
NAV-0130,76.03,35.0
NAV-0131,3.5,15.77
NAV-0132,13.69,20.07
NAV-0133,52.88,29.4
NAV-0134,45.76,8.73
NAV-0135,9.31,12.34
NAV-0136,10.47,11.55
NAV-0137,18.42,36.68
NAV-0138,24.84,53.07
NAV-0139,33.92,40.88
NAV-0140,18.33,47.86
NAV-0141,23.53,14.79
NAV-0142,45.67,20.71
NAV-0143,2.26,21.82
NAV-0144,12.51,34.91
NAV-0145,42.14,16.21
NAV-0146,68.94,46.07
NAV-0147,26.52,63.42
NAV-0148,27.83,36.04
NAV-0149,5.7,20.07
NAV-0150,22.65,13.82
NAV-0151,27.86,11.57
NAV-0152,12.03,4.44
NAV-0153,13.32,22.28
NAV-0154,18.78,21.41
NAV-0155,1.36,44.35
NAV-0156,15.93,17.0
NAV-0157,10.57,23.16
NAV-0158,16.2,31.32
NAV-0159,6.29,35.67
NAV-0160,67.83,41.26
NAV-0161,32.07,29.33
NAV-0162,38.94,9.16
NAV-0163,50.61,33.72
NAV-0164,25.69,16.11
NAV-0165,4.75,54.58
NAV-0166,28.16,26.38
NAV-0167,31.58,30.49
NAV-0168,45.45,104.35
NAV-0169,21.75,41.71
NAV-0170,6.66,33.33
NAV-0171,14.03,23.63
NAV-0172,18.03,9.82
NAV-0173,36.11,22.48
NAV-0174,30.44,13.68
NAV-0175,17.67,68.06
NAV-0176,118.16,33.61
NAV-0177,32.97,53.38
NAV-0178,11.78,16.65
NAV-0179,5.45,14.45
NAV-0180,7.83,39.21
NAV-0181,12.2,13.26
NAV-0182,8.2,19.01
NAV-0183,9.4,69.99
NAV-0184,14.09,19.56
NAV-0185,8.79,8.13
NAV-0186,69.32,5.65
NAV-0187,4.43,7.29
NAV-0188,27.34,55.29
NAV-0189,20.57,17.42
NAV-0190,112.01,102.42
NAV-0191,5.93,63.86
NAV-0192,19.88,79.97
NAV-0193,99.16,48.61
NAV-0194,62.53,37.93
NAV-0195,54.43,14.06
NAV-0196,12.77,25.94
NAV-0197,8.67,40.34
NAV-0198,38.02,46.79
NAV-0199,78.85,10.6
NAV-0200,29.47,22.73
NAV-0201,30.5,24.57
NAV-0202,13.84,23.91
NAV-0203,48.18,11.78
NAV-0204,9.42,74.42
NAV-0205,16.01,22.2
NAV-0206,21.4,12.47
NAV-0207,26.26,75.52
NAV-0208,12.03,63.9
NAV-0209,6.06,28.57
NAV-0210,33.34,18.61
NAV-0211,14.26,6.78
NAV-0212,31.18,36.17
NAV-0213,7.9,17.68
NAV-0214,24.64,25.52
NAV-0215,27.86,71.55
NAV-0216,3.04,16.75
NAV-0217,16.66,35.19
NAV-0218,6.98,42.01
NAV-0219,3.61,54.25
NAV-0220,124.87,24.27
NAV-0221,15.94,22.57
NAV-0222,53.4,22.2
NAV-0223,12.62,33.04
NAV-0224,39.16,62.28
NAV-0225,47.1,21.5
NAV-0226,32.22,2.39
NAV-0227,24.06,44.95
NAV-0228,20.65,27.2
NAV-0229,17.29,36.22
NAV-0230,78.91,7.01
NAV-0231,56.48,17.73
NAV-0232,95.93,42.7
NAV-0233,6.5,9.54
NAV-0234,43.9,35.14
NAV-0235,82.21,25.38
NAV-0236,9.15,15.06
NAV-0237,3.76,14.15
NAV-0238,44.98,11.87
NAV-0239,30.7,27.1
NAV-0240,58.28,29.24
NAV-0241,7.22,20.04
NAV-0242,51.4,11.29
NAV-0243,10.1,34.5
NAV-0244,8.33,45.46
NAV-0245,8.36,38.54
NAV-0246,54.07,81.91
NAV-0247,37.73,22.9
NAV-0248,27.24,58.63
NAV-0249,17.81,16.18
NAV-0250,64.88,14.28
NAV-0251,19.59,28.23
NAV-0252,54.36,66.55
NAV-0253,22.17,21.18
NAV-0254,18.76,7.01
NAV-0255,23.54,44.93
NAV-0256,14.89,24.65
NAV-0257,45.69,31.64
NAV-0258,25.96,14.85
NAV-0259,11.55,28.05
NAV-0260,70.02,7.97
NAV-0261,19.13,75.11
NAV-0262,28.58,50.12
NAV-0263,71.83,27.22
NAV-0264,34.38,44.16
NAV-0265,6.16,16.21
NAV-0266,82.81,48.77
NAV-0267,34.65,20.52
NAV-0268,16.58,19.5
NAV-0269,7.2,12.52
NAV-0270,51.24,34.22
NAV-0271,34.06,26.43
NAV-0272,27.92,59.77
NAV-0273,68.62,11.39
NAV-0274,50.54,34.32
NAV-0275,7.78,53.12
NAV-0276,15.41,29.59
NAV-0277,12.32,20.25
NAV-0278,45.29,29.09
NAV-0279,2.1,56.91
NAV-0280,30.38,56.89
NAV-0281,47.36,23.97
NAV-0282,64.79,56.3
NAV-0283,16.94,25.6
NAV-0284,55.05,43.85
NAV-0285,5.87,36.9
NAV-0286,59.06,19.68
NAV-0287,6.65,12.87
NAV-0288,19.85,53.97
NAV-0289,51.67,63.19
NAV-0290,7.7,33.8
NAV-0291,11.4,25.57
NAV-0292,43.02,10.24
NAV-0293,42.8,53.13
NAV-0294,35.72,31.33
NAV-0295,40.29,21.69
NAV-0296,28.53,44.63
NAV-0297,12.48,8.74
NAV-0298,17.13,12.03
NAV-0299,9.17,15.77
NAV-0300,72.37,36.17
NAV-0301,31.33,29.3
NAV-0302,20.04,38.9
NAV-0303,23.5,50.94
NAV-0304,86.04,39.78
NAV-0305,7.86,76.07
NAV-0306,31.54,50.87
NAV-0307,26.16,23.93
NAV-0308,33.4,17.64
NAV-0309,1.25,24.43
NAV-0310,63.83,40.65
NAV-0311,79.84,19.04
NAV-0312,30.05,41.36
NAV-0313,40.54,38.45
NAV-0314,76.54,12.73
NAV-0315,41.54,50.29
NAV-0316,7.82,33.04
NAV-0317,30.83,73.86
NAV-0318,33.04,25.66
NAV-0319,21.33,21.0
NAV-0320,44.49,11.48
NAV-0321,80.67,11.33
NAV-0322,77.55,46.66
NAV-0323,22.85,69.43
NAV-0324,5.99,24.2
NAV-0325,115.48,23.13
NAV-0326,57.8,27.26
NAV-0327,6.52,52.4
NAV-0328,76.02,12.82
NAV-0329,63.39,30.44
NAV-0330,26.97,47.31
NAV-0331,31.9,35.89
NAV-0332,19.94,1.52
NAV-0333,3.18,39.91
NAV-0334,16.59,36.12
NAV-0335,52.42,58.59
NAV-0336,0.4,66.14
NAV-0337,16.5,56.83
NAV-0338,19.9,27.36
NAV-0339,28.18,6.73
NAV-0340,75.71,23.02
NAV-0341,17.16,26.78
NAV-0342,17.19,68.9
NAV-0343,44.6,14.97
NAV-0344,22.93,8.96
NAV-0345,11.19,19.13
NAV-0346,22.94,15.59
NAV-0347,7.28,8.23
NAV-0348,8.93,24.56
NAV-0349,25.69,27.48
NAV-0350,21.04,7.82
NAV-0351,74.19,20.91
NAV-0352,17.99,14.85
NAV-0353,31.13,28.09
NAV-0354,35.01,29.95
NAV-0355,0.95,14.85
NAV-0356,37.58,50.01
NAV-0357,9.0,26.38
NAV-0358,93.37,15.39
NAV-0359,7.64,7.38
NAV-0360,20.8,31.01
NAV-0361,4.67,36.06
NAV-0362,150.75,18.37
NAV-0363,25.92,28.68
NAV-0364,32.2,66.14
NAV-0365,3.79,45.28
NAV-0366,45.95,3.5
NAV-0367,10.49,15.25
NAV-0368,69.64,23.75
NAV-0369,10.27,27.38
NAV-0370,9.59,29.09
NAV-0371,2.26,34.61
NAV-0372,24.09,24.3
NAV-0373,30.03,26.33
NAV-0374,3.72,46.73
NAV-0375,48.91,31.41
NAV-0376,22.99,10.58
NAV-0377,27.33,27.97
NAV-0378,22.27,23.8
NAV-0379,20.04,4.91
NAV-0380,29.67,28.93
NAV-0381,7.94,11.74
NAV-0382,9.18,47.16
NAV-0383,61.82,34.3
NAV-0384,85.51,10.1
NAV-0385,18.57,45.85
NAV-0386,13.39,59.17
NAV-0387,35.95,21.83
NAV-0388,20.47,23.7
NAV-0389,1.66,43.11
NAV-0390,7.99,56.51
NAV-0391,42.4,6.3
NAV-0392,37.19,11.1
NAV-0393,1.75,19.4
NAV-0394,11.06,20.93
NAV-0395,11.49,42.35
NAV-0396,38.31,56.69
NAV-0397,1.34,59.27
NAV-0398,5.56,6.16
NAV-0399,52.02,14.21
NAV-0400,9.03,16.88
NAV-0401,36.67,14.16
NAV-0402,11.83,34.23
NAV-0403,5.34,36.89
NAV-0404,12.07,26.11
NAV-0405,43.02,24.47
NAV-0406,60.69,20.0
NAV-0407,56.41,21.69
NAV-0408,19.84,65.69
NAV-0409,37.98,40.36
NAV-0410,10.26,20.54
NAV-0411,14.49,24.15
NAV-0412,69.22,34.74
NAV-0413,0.94,10.1
NAV-0414,4.68,28.61
NAV-0415,10.4,38.98
NAV-0416,1.72,35.89
NAV-0417,9.16,14.42
NAV-0418,31.31,16.5
NAV-0419,21.18,4.37
NAV-0420,68.33,41.57
NAV-0421,54.48,82.54
NAV-0422,16.93,12.91
NAV-0423,12.84,50.7
NAV-0424,18.9,78.2
NAV-0425,31.83,18.62
NAV-0426,13.26,24.17
NAV-0427,34.37,30.74
NAV-0428,20.51,35.17
NAV-0429,29.15,31.83
NAV-0430,22.0,19.68
NAV-0431,14.55,38.6
NAV-0432,86.59,20.0
NAV-0433,47.49,33.25
NAV-0434,7.24,25.49
NAV-0435,63.1,5.57
NAV-0436,25.02,55.27
NAV-0437,68.78,16.83
NAV-0438,52.02,58.62
NAV-0439,21.39,49.47
NAV-0440,1.49,30.15
NAV-0441,13.29,36.33
NAV-0442,28.46,39.14
NAV-0443,35.11,22.67
NAV-0444,12.77,23.42
NAV-0445,7.21,37.96
NAV-0446,57.16,25.67
NAV-0447,114.82,19.72
NAV-0448,27.41,14.6
NAV-0449,8.71,33.87
NAV-0450,13.47,16.43
NAV-0451,1.26,44.4
NAV-0452,74.03,46.73
NAV-0453,6.2,36.16
NAV-0454,30.84,41.03
NAV-0455,13.55,36.22
NAV-0456,29.3,42.86
NAV-0457,36.56,41.73
NAV-0458,56.34,32.71
NAV-0459,10.33,49.85
NAV-0460,0.82,23.22
NAV-0461,7.09,14.94
NAV-0462,70.14,14.36
NAV-0463,64.19,20.93
NAV-0464,32.35,4.85
NAV-0465,32.58,29.95
NAV-0466,37.71,39.47
NAV-0467,8.88,46.33
NAV-0468,74.06,6.69
NAV-0469,21.03,14.72
NAV-0470,19.09,43.58
NAV-0471,26.98,22.72
NAV-0472,2.79,38.92
NAV-0473,8.46,9.68
NAV-0474,44.65,58.2
NAV-0475,4.55,9.06
NAV-0476,32.77,29.38
NAV-0477,12.17,29.88
NAV-0478,19.42,18.25
NAV-0479,14.27,35.35
NAV-0480,17.64,35.99
NAV-0481,42.7,33.57
NAV-0482,14.68,18.01
NAV-0483,30.14,15.56
NAV-0484,24.33,19.42
NAV-0485,37.6,14.01
NAV-0486,81.61,51.25
NAV-0487,44.08,20.63
NAV-0488,10.73,28.84
NAV-0489,1.97,43.47
NAV-0490,12.98,13.49
NAV-0491,32.18,8.74
NAV-0492,3.02,14.05
NAV-0493,25.56,30.92
NAV-0494,32.31,29.57
NAV-0495,16.54,33.52
NAV-0496,48.35,24.22
NAV-0497,5.68,2.33
NAV-0498,4.18,23.7
NAV-0499,43.63,47.05
NAV-0500,25.51,54.52
NAV-0501,39.78,27.6
NAV-0502,21.93,29.64
NAV-0503,12.22,38.46
NAV-0504,54.73,53.59
NAV-0505,51.96,26.01
NAV-0506,40.36,38.13
NAV-0507,13.46,17.44
NAV-0508,31.83,9.85
NAV-0509,17.92,18.79
NAV-0510,4.97,61.02
NAV-0511,74.92,38.61
NAV-0512,7.09,10.63
NAV-0513,87.44,39.73
NAV-0514,22.57,11.29
NAV-0515,9.33,33.23
NAV-0516,28.47,13.1
NAV-0517,64.0,10.14
NAV-0518,44.04,67.15
NAV-0519,52.93,20.62
NAV-0520,37.18,38.18
NAV-0521,40.14,26.73
NAV-0522,59.54,12.01
NAV-0523,12.38,22.17
NAV-0524,25.14,12.09
NAV-0525,11.02,96.14
NAV-0526,120.2,42.47
NAV-0527,84.59,26.4
NAV-0528,2.41,36.91
NAV-0529,41.39,40.79
NAV-0530,77.44,40.86
NAV-0531,9.12,39.79
NAV-0532,30.24,37.92
NAV-0533,74.38,27.84
NAV-0534,2.12,64.08
NAV-0535,40.61,29.02
NAV-0536,14.69,26.91
NAV-0537,77.16,29.18
NAV-0538,100.42,30.55
NAV-0539,84.68,6.74
NAV-0540,24.22,13.94
NAV-0541,61.86,24.22
NAV-0542,58.74,6.44
NAV-0543,15.78,26.37
NAV-0544,56.21,30.29
NAV-0545,2.28,9.49
NAV-0546,32.27,16.56
NAV-0547,11.44,55.84
NAV-0548,6.33,37.15
NAV-0549,4.27,35.83
NAV-0550,40.51,51.79
NAV-0551,16.83,14.15
NAV-0552,43.28,9.51
NAV-0553,3.71,47.63
NAV-0554,15.58,24.68
NAV-0555,28.32,13.86
NAV-0556,50.81,6.69
NAV-0557,15.76,29.4
NAV-0558,34.51,22.79
NAV-0559,66.78,20.18
NAV-0560,33.73,3.23
NAV-0561,11.58,63.58
NAV-0562,1.6,8.09
NAV-0563,63.43,21.57
NAV-0564,1.43,19.13
NAV-0565,64.36,37.84
NAV-0566,27.62,6.76
NAV-0567,82.5,35.05
NAV-0568,51.87,29.5
NAV-0569,159.72,15.97
NAV-0570,17.39,34.27
NAV-0571,47.91,26.34
NAV-0572,20.1,72.67
NAV-0573,24.56,22.77
NAV-0574,34.64,12.5
NAV-0575,64.15,35.27
NAV-0576,114.36,20.85
NAV-0577,48.04,25.99
NAV-0578,20.97,9.58
NAV-0579,21.17,38.21
NAV-0580,44.61,18.55
NAV-0581,11.86,30.98
NAV-0582,5.86,83.52
NAV-0583,17.59,21.88
NAV-0584,14.2,41.48
NAV-0585,14.64,22.93
NAV-0586,11.61,16.13
NAV-0587,2.54,57.02
NAV-0588,1.23,5.0
NAV-0589,120.3,48.17
NAV-0590,21.53,4.42
NAV-0591,19.15,45.17
NAV-0592,38.99,26.25
NAV-0593,10.89,12.53
NAV-0594,87.31,19.45
NAV-0595,50.25,40.1
NAV-0596,4.86,78.87
NAV-0597,20.96,7.0
NAV-0598,65.28,13.14
NAV-0599,84.89,8.87
NAV-0600,23.81,22.8
NAV-0601,33.55,45.91
NAV-0602,8.49,7.87
NAV-0603,127.76,25.79
NAV-0604,11.52,45.02
NAV-0605,84.02,19.25
NAV-0606,36.42,29.67
NAV-0607,33.12,54.51
NAV-0608,26.58,11.3
NAV-0609,11.47,5.54
NAV-0610,8.93,32.06
NAV-0611,10.99,32.64
NAV-0612,9.39,18.31
NAV-0613,49.4,15.8
NAV-0614,17.36,26.61
NAV-0615,3.34,11.14
NAV-0616,98.87,11.15
NAV-0617,66.3,39.94
NAV-0618,78.29,10.53
NAV-0619,140.04,5.88
NAV-0620,8.81,15.77
NAV-0621,19.79,18.63
NAV-0622,46.87,35.05
NAV-0623,40.48,16.81
NAV-0624,7.88,60.09
NAV-0625,54.25,27.54
NAV-0626,11.18,14.18
NAV-0627,11.15,34.11
NAV-0628,28.15,59.45
NAV-0629,32.02,39.26
NAV-0630,31.1,7.46
NAV-0631,4.96,19.79
NAV-0632,64.93,30.67
NAV-0633,13.14,38.26
NAV-0634,6.75,22.9
NAV-0635,67.41,20.74
NAV-0636,90.23,72.35
NAV-0637,61.88,39.63
NAV-0638,53.35,34.18
NAV-0639,36.88,17.33
NAV-0640,29.07,11.01
NAV-0641,4.75,34.56
NAV-0642,20.46,42.33
NAV-0643,18.53,25.9
NAV-0644,12.86,39.69
NAV-0645,43.14,40.32
NAV-0646,25.53,44.07
NAV-0647,4.47,7.35
NAV-0648,10.98,20.19
NAV-0649,39.31,35.88
NAV-0650,4.23,26.89
NAV-0651,59.89,40.4
NAV-0652,25.49,34.17
NAV-0653,24.6,3.5
NAV-0654,31.98,50.59
NAV-0655,55.56,18.43
NAV-0656,17.24,13.54
NAV-0657,38.85,49.58
NAV-0658,30.09,38.49
NAV-0659,13.21,53.82
NAV-0660,65.18,30.89
NAV-0661,51.69,20.01
NAV-0662,37.15,28.62
NAV-0663,59.78,11.73
NAV-0664,62.87,8.68
NAV-0665,41.65,16.39
NAV-0666,57.49,63.59
NAV-0667,40.62,17.64
NAV-0668,39.03,6.0
NAV-0669,33.94,23.34
NAV-0670,46.25,17.47
NAV-0671,8.1,51.15
NAV-0672,65.66,60.9
NAV-0673,63.78,19.36
NAV-0674,1.87,30.87
NAV-0675,55.73,32.56
NAV-0676,6.72,25.15
NAV-0677,16.59,22.14
NAV-0678,45.24,12.85
NAV-0679,8.2,5.12
NAV-0680,54.56,12.8
NAV-0681,56.71,24.55
NAV-0682,26.25,7.88
NAV-0683,0.52,29.84
NAV-0684,14.19,27.24
NAV-0685,33.82,17.49
NAV-0686,110.5,21.49
NAV-0687,34.98,9.14
NAV-0688,12.86,43.58
NAV-0689,35.15,43.13
NAV-0690,28.35,10.53
NAV-0691,49.44,10.79
NAV-0692,5.69,12.93
NAV-0693,47.19,37.01
NAV-0694,28.43,32.49
NAV-0695,94.58,49.23
NAV-0696,16.93,52.61
NAV-0697,35.04,7.25
NAV-0698,79.8,36.18
NAV-0699,5.48,51.35
NAV-0700,81.77,20.53
NAV-0701,39.73,25.59
NAV-0702,3.83,23.04
NAV-0703,14.87,23.75
NAV-0704,41.63,43.49
NAV-0705,3.8,70.77
NAV-0706,31.25,58.83
NAV-0707,17.14,18.09
NAV-0708,34.12,30.94
NAV-0709,2.73,14.47
NAV-0710,63.71,15.61
NAV-0711,102.49,24.83
NAV-0712,98.7,15.3
NAV-0713,45.91,17.04
NAV-0714,6.77,30.46
NAV-0715,46.88,35.86
NAV-0716,1.61,35.26
NAV-0717,1.48,35.48
NAV-0718,16.0,9.69
NAV-0719,25.09,14.71
NAV-0720,48.29,26.68
NAV-0721,39.32,49.93
NAV-0722,22.56,94.09
NAV-0723,13.53,31.74
NAV-0724,152.57,40.94
NAV-0725,21.44,8.8
NAV-0726,22.88,40.26
NAV-0727,8.33,79.46
NAV-0728,51.34,14.67
NAV-0729,40.27,17.45
NAV-0730,11.0,44.33
NAV-0731,4.53,26.45
NAV-0732,39.07,4.7
NAV-0733,36.82,18.23
NAV-0734,13.51,60.74
NAV-0735,87.75,21.38
NAV-0736,7.75,21.36
NAV-0737,21.79,42.61
NAV-0738,84.4,32.48
NAV-0739,21.08,20.58
NAV-0740,35.51,16.62
NAV-0741,19.87,120.62
NAV-0742,13.56,54.76
NAV-0743,114.21,35.47
NAV-0744,20.51,36.91
NAV-0745,68.67,23.85
NAV-0746,11.44,32.23
NAV-0747,10.64,22.15
NAV-0748,1.97,13.67
NAV-0749,36.59,33.05
NAV-0750,18.31,20.85
NAV-0751,62.3,34.15
NAV-0752,24.16,38.26
NAV-0753,98.19,35.3
NAV-0754,9.35,12.83
NAV-0755,63.13,19.3
NAV-0756,49.04,21.13
NAV-0757,48.35,47.33
NAV-0758,58.78,45.83
NAV-0759,47.19,15.37
NAV-0760,34.54,9.5
NAV-0761,6.83,96.74
NAV-0762,2.04,34.42
NAV-0763,76.02,8.47
NAV-0764,33.79,17.25
NAV-0765,51.57,48.54
NAV-0766,24.66,83.09
NAV-0767,6.18,75.03
NAV-0768,6.55,33.51
NAV-0769,39.52,26.06
NAV-0770,21.67,11.89
NAV-0771,10.05,27.54
NAV-0772,25.27,13.17
NAV-0773,3.65,19.44
NAV-0774,31.23,44.3
NAV-0775,13.31,22.07
NAV-0776,51.71,21.06
NAV-0777,15.34,25.12
NAV-0778,23.1,105.2
NAV-0779,0.86,10.89
NAV-0780,4.05,31.28
NAV-0781,19.59,71.08
NAV-0782,24.56,25.07
NAV-0783,32.54,54.15
NAV-0784,14.41,8.97
NAV-0785,40.39,22.58
NAV-0786,61.5,14.27
NAV-0787,49.44,24.89
NAV-0788,2.42,25.25
NAV-0789,24.6,27.04
NAV-0790,5.6,44.05
NAV-0791,12.01,3.08
NAV-0792,118.41,16.69
NAV-0793,7.35,29.91
NAV-0794,25.72,4.94
NAV-0795,33.91,38.55
NAV-0796,41.09,16.46
NAV-0797,29.67,22.87
NAV-0798,0.74,45.28
NAV-0799,16.15,55.65
NAV-0800,26.9,39.29
NAV-0801,4.79,10.64
NAV-0802,17.38,38.08
NAV-0803,2.08,39.68
NAV-0804,4.35,34.94
NAV-0805,19.83,61.12
NAV-0806,6.9,27.51
NAV-0807,30.21,59.72
NAV-0808,39.88,59.5
NAV-0809,52.11,40.38
NAV-0810,10.04,31.6
NAV-0811,8.51,35.07
NAV-0812,5.58,69.07
NAV-0813,35.34,49.89
NAV-0814,41.47,11.69
NAV-0815,1.99,33.68
NAV-0816,81.37,13.72
NAV-0817,3.04,16.1
NAV-0818,28.43,19.99
NAV-0819,41.72,8.24
NAV-0820,63.6,13.04
NAV-0821,42.21,63.13
NAV-0822,52.27,16.03
NAV-0823,16.81,44.2
NAV-0824,54.1,29.15
NAV-0825,4.42,37.05
NAV-0826,68.85,38.04
NAV-0827,28.85,12.59
NAV-0828,54.46,44.04
NAV-0829,22.93,9.74
NAV-0830,35.92,15.53
NAV-0831,27.46,37.7
NAV-0832,43.98,11.94
NAV-0833,4.49,4.46
NAV-0834,3.46,32.68
NAV-0835,12.25,7.0
NAV-0836,8.14,39.94
NAV-0837,63.76,21.02
NAV-0838,10.93,32.38
NAV-0839,104.69,31.99
NAV-0840,16.68,41.79
NAV-0841,9.19,38.39
NAV-0842,50.68,11.86
NAV-0843,37.17,21.92
NAV-0844,25.68,32.35
NAV-0845,29.38,60.36
NAV-0846,42.72,38.61
NAV-0847,11.37,57.25
NAV-0848,147.27,33.45
NAV-0849,103.67,50.42
NAV-0850,36.47,30.66
NAV-0851,10.01,49.17
NAV-0852,39.04,20.27
NAV-0853,4.04,64.55
NAV-0854,1.94,35.87
NAV-0855,12.76,8.29
NAV-0856,23.53,33.05
NAV-0857,63.06,38.69
NAV-0858,43.52,44.98
NAV-0859,45.15,78.05
NAV-0860,21.4,18.05
NAV-0861,17.14,78.36
NAV-0862,18.45,26.07
NAV-0863,120.17,14.97
NAV-0864,2.44,18.34
NAV-0865,62.82,37.26
NAV-0866,31.0,13.35
NAV-0867,22.14,20.52
NAV-0868,43.33,32.53
NAV-0869,24.97,64.25
NAV-0870,64.1,44.19
NAV-0871,70.31,26.78
NAV-0872,21.19,37.16
NAV-0873,13.69,30.5
NAV-0874,31.98,10.51
NAV-0875,73.47,70.97
NAV-0876,10.53,64.86
NAV-0877,34.28,24.72
NAV-0878,34.96,18.81
NAV-0879,44.14,10.71
NAV-0880,6.84,38.62
NAV-0881,42.38,38.78
NAV-0882,72.53,14.22
NAV-0883,9.08,30.73
NAV-0884,11.8,43.35
NAV-0885,100.7,17.9
NAV-0886,9.14,22.68
NAV-0887,60.45,22.53
NAV-0888,25.31,14.92
NAV-0889,12.26,23.0
NAV-0890,63.56,7.12
NAV-0891,22.53,21.73
NAV-0892,26.72,21.96
NAV-0893,17.83,24.92
NAV-0894,32.02,35.42
NAV-0895,8.33,10.01
NAV-0896,19.51,11.6
NAV-0897,99.11,14.63
NAV-0898,12.78,9.17
NAV-0899,37.01,37.99
NAV-0900,16.08,17.34
NAV-0901,48.66,25.45
NAV-0902,6.81,13.71
NAV-0903,99.43,20.15
NAV-0904,23.02,31.69
NAV-0905,11.73,32.68
NAV-0906,4.1,11.99
NAV-0907,8.62,24.6
NAV-0908,27.03,13.89
NAV-0909,16.68,23.99
NAV-0910,56.2,16.31
NAV-0911,21.71,73.66
NAV-0912,12.33,43.2
NAV-0913,33.83,33.59
NAV-0914,41.5,21.38
NAV-0915,8.49,43.97
NAV-0916,8.52,25.09
NAV-0917,2.26,69.21
NAV-0918,44.48,46.69
NAV-0919,37.61,20.05
NAV-0920,24.24,64.53
NAV-0921,58.68,21.45
NAV-0922,52.81,76.22
NAV-0923,31.47,66.59
NAV-0924,63.06,31.58
NAV-0925,10.3,7.36
NAV-0926,5.93,30.02
NAV-0927,13.34,11.04
NAV-0928,3.3,16.67
NAV-0929,27.77,17.59
NAV-0930,81.52,10.96
NAV-0931,2.4,30.09
NAV-0932,6.4,15.27
NAV-0933,22.92,22.14
NAV-0934,80.48,17.7
NAV-0935,15.63,35.52
NAV-0936,26.24,33.91
NAV-0937,2.52,20.93
NAV-0938,7.62,36.64
NAV-0939,118.36,54.31
NAV-0940,95.99,3.81
NAV-0941,0.42,16.98
NAV-0942,88.22,12.72
NAV-0943,35.56,15.9
NAV-0944,62.99,3.12
NAV-0945,23.07,3.65
NAV-0946,26.77,1.4
NAV-0947,25.1,18.13
NAV-0948,37.87,17.77
NAV-0949,7.22,59.04
NAV-0950,1.91,28.58
NAV-0951,15.22,36.05
NAV-0952,41.3,175.29
NAV-0953,10.11,3.83
NAV-0954,38.44,69.91
NAV-0955,99.5,25.2
NAV-0956,5.08,19.2
NAV-0957,38.37,17.18
NAV-0958,22.44,32.27
NAV-0959,63.04,19.32
NAV-0960,8.96,10.71
NAV-0961,40.17,17.64
NAV-0962,57.67,32.86
NAV-0963,84.84,40.09
NAV-0964,39.31,74.23
NAV-0965,25.61,27.77
NAV-0966,33.89,56.26
NAV-0967,63.19,22.71
NAV-0968,30.43,24.88
NAV-0969,1.93,24.0
NAV-0970,79.41,29.98
NAV-0971,39.88,44.57
NAV-0972,38.71,18.76
NAV-0973,10.76,13.24
NAV-0974,37.19,46.79
NAV-0975,19.66,44.75
NAV-0976,36.55,61.65
NAV-0977,5.68,16.72
NAV-0978,37.1,22.15
NAV-0979,186.41,47.87
NAV-0980,2.85,18.6
NAV-0981,106.0,39.03
NAV-0982,20.37,22.78
NAV-0983,63.56,32.15
NAV-0984,49.75,10.54
NAV-0985,30.18,27.53
NAV-0986,44.7,53.65
NAV-0987,65.16,42.29
NAV-0988,20.22,12.58
NAV-0989,16.18,70.69
NAV-0990,37.93,51.66
NAV-0991,53.11,10.95
NAV-0992,47.34,17.73
NAV-0993,51.74,11.45
NAV-0994,21.97,32.74
NAV-0995,54.54,17.17
NAV-0996,6.31,4.74
NAV-0997,28.65,24.81
NAV-0998,0.48,45.65
NAV-0999,16.05,27.91
NAV-1000,18.21,36.83
